age,income,region,plan,churned
38,133639.57,west,premium,0
70,83377.6,east,premium,0
50,44193.18,north,standard,0
33,29066.99,west,basic,1
25,133588.86,north,premium,0
21,137103.12,north,premium,0
36,69134.96,north,premium,0
70,101204.33,north,premium,0
30,63432.5,north,premium,0
31,78562.57,west,standard,0
47,62113.05,south,basic,1
33,27986.31,east,premium,0
39,106992.33,east,premium,0
25,80455.81,south,standard,0
49,69447.2,north,premium,0
74,117839.11,east,premium,0
49,88747.21,west,basic,1
35,75840.0,north,basic,1
37,96949.72,west,standard,0
74,99575.63,north,standard,0
57,32285.69,north,basic,1
26,108080.33,west,standard,1
49,27830.92,west,standard,0
74,34704.99,west,premium,0
44,138348.98,west,basic,0
29,36458.4,south,basic,1
55,40245.83,east,basic,1
52,63048.94,east,basic,1
50,133927.32,north,standard,0
67,134130.12,west,standard,0
24,76745.78,west,basic,1
31,71756.48,north,standard,0
24,18028.46,south,premium,0
41,92875.95,north,basic,1
27,95397.97,east,premium,0
25,32073.13,west,standard,1
37,28477.93,north,premium,0
34,76391.88,south,premium,0
51,62133.8,north,premium,0
59,123325.65,east,premium,0
28,61394.93,south,premium,0
50,58219.13,south,premium,0
66,122020.71,south,standard,0
32,42389.99,west,standard,0
19,114393.92,west,standard,0
56,134694.84,west,premium,0
41,27825.65,north,basic,1
39,42933.55,north,standard,1
40,115556.54,north,premium,0
42,113440.95,south,standard,0
45,114274.52,east,basic,1
64,66292.3,west,premium,0
64,37380.44,south,basic,1
75,74773.17,south,premium,0
48,98186.73,east,basic,1
26,20610.39,north,premium,1
26,70924.75,south,basic,1
31,53741.93,south,premium,0
52,69119.53,south,basic,1
40,127519.89,west,premium,0
27,81867.8,north,standard,1
56,18479.76,south,basic,1
57,106473.58,north,standard,0
51,85763.91,north,premium,0
30,51783.88,north,premium,0
19,110719.16,north,standard,0
50,91948.8,south,premium,0
50,83060.82,west,premium,0
62,81831.58,east,premium,0
30,120479.97,south,standard,0
46,56549.53,south,standard,0
60,54939.17,north,basic,1
59,98551.29,south,standard,0
47,44789.72,north,standard,1
28,138764.32,south,basic,1
50,67264.79,west,basic,1
23,106102.4,north,standard,0
46,103784.47,west,standard,0
36,80496.0,north,basic,1
68,45883.57,north,basic,1
20,128519.64,south,standard,1
70,69515.01,east,standard,0
50,87612.58,east,basic,0
69,101961.08,west,basic,0
19,95401.62,east,basic,1
32,26127.95,north,standard,0
53,68966.76,east,premium,0
51,104563.48,north,basic,0
29,42615.73,east,premium,0
66,43116.33,west,premium,0
35,60334.12,north,standard,0
19,107435.81,south,premium,0
46,30966.32,west,premium,0
71,126424.57,east,premium,0
32,59809.96,south,standard,1
21,120112.58,north,basic,1
74,49182.45,south,basic,0
71,64467.58,east,premium,0
36,23518.97,south,basic,1
18,50115.65,east,premium,0
20,135811.35,east,basic,1
18,58910.6,north,standard,0
59,42519.57,north,basic,1
23,35551.55,north,standard,0
37,94819.72,north,premium,0
72,109565.96,west,standard,0
49,36234.5,south,basic,1
63,126816.97,west,premium,0
50,34995.53,north,premium,0
75,104764.71,south,basic,0
26,95728.62,north,standard,1
53,24195.2,north,premium,0
33,77693.91,north,standard,0
65,131765.57,north,premium,0
65,107888.18,east,basic,1
33,106978.87,south,basic,1
47,78261.75,west,basic,1
61,53052.94,north,premium,0
30,27451.56,south,standard,0
65,102532.19,south,basic,1
49,50790.28,north,premium,0
49,53484.49,east,standard,0
67,32457.35,south,standard,1
48,20135.54,west,basic,1
46,139263.97,west,basic,1
31,27102.77,north,basic,1
34,134234.32,south,premium,0
50,52107.28,north,premium,0
49,127520.09,west,standard,0
18,133895.07,west,standard,0
27,68774.11,west,standard,0
39,18212.45,east,standard,0
30,104988.88,east,standard,0
43,65599.65,north,standard,0
66,51568.94,north,standard,0
71,98761.34,south,basic,1
45,80337.48,south,standard,0
45,125880.52,west,premium,0
64,27830.38,west,standard,0
26,96627.87,east,standard,0
53,33531.98,west,standard,0
37,49200.62,east,standard,0
37,76948.21,west,basic,0
28,27170.81,west,premium,0
39,139569.96,west,standard,0
30,47778.45,south,standard,0
38,47173.44,east,premium,0
19,109458.23,west,standard,0
51,43620.6,east,standard,0
49,51856.99,east,basic,1
51,94814.48,south,basic,0
33,64916.41,west,standard,1
72,117349.35,north,basic,0
63,111170.27,west,premium,0
22,65765.57,west,standard,0
24,45303.65,south,premium,1
24,132861.85,west,basic,1
20,18166.66,south,basic,1
20,96751.7,east,basic,1
51,95627.51,north,basic,0
51,133111.94,south,standard,0
68,91329.43,north,premium,0
47,51989.65,east,premium,0
33,75987.11,south,premium,0
44,103967.75,east,basic,0
49,125951.52,west,basic,0
60,69767.33,east,basic,1
62,59242.29,west,standard,0
30,18823.92,east,premium,0
22,43036.67,south,standard,1
30,46158.68,south,standard,0
36,31298.98,west,premium,0
32,77176.43,north,premium,0
43,24631.72,north,premium,0
21,104602.75,south,standard,0
63,125797.2,north,basic,1
39,41263.39,west,basic,1
64,64191.57,east,standard,0
24,18350.23,east,basic,1
74,33092.41,south,standard,0
70,55661.3,west,basic,0
48,41877.33,west,basic,1
65,127433.19,north,premium,0
69,94299.81,west,basic,0
47,25634.75,north,standard,0
22,127623.32,east,standard,0
57,23317.44,east,standard,0
64,110189.59,north,basic,1
24,75973.07,west,standard,1
45,117405.63,south,standard,0
69,131588.86,east,premium,0
56,46809.39,east,standard,0
68,90677.47,south,standard,0
33,67746.33,north,standard,0
38,37604.47,west,basic,1
34,94201.39,south,basic,1
63,136598.23,south,basic,0
47,93677.53,south,premium,0
67,99059.88,north,standard,0
54,50655.24,east,premium,0
46,48186.35,south,basic,0
74,128723.32,south,standard,0
34,139078.74,south,premium,0
59,74597.72,north,basic,0
74,117930.53,west,standard,0
36,46412.91,north,basic,1
70,89149.64,north,standard,0
29,72791.89,east,premium,1
24,95769.79,east,basic,1
39,35247.08,south,standard,0
64,97500.42,south,basic,1
44,100755.01,south,premium,0
31,21838.92,west,premium,0
44,30369.31,west,premium,0
58,83147.65,south,standard,0
44,138565.13,east,standard,0
37,108931.18,east,standard,0
73,111532.84,east,premium,0
64,67406.76,north,standard,0
45,31851.79,north,standard,0
41,74230.56,south,basic,0
53,35384.61,west,basic,1
41,107944.37,south,basic,0
28,81581.38,north,basic,1
66,116187.26,south,standard,0
20,137016.68,west,standard,0
58,65323.21,south,premium,0
32,93768.48,south,standard,0
31,23088.93,south,standard,0
27,48141.19,south,basic,1
71,110410.27,north,premium,0
25,65560.06,west,premium,1
67,55358.13,west,standard,0
45,65483.87,east,standard,0
29,20851.78,west,standard,1
66,93466.18,west,basic,1
43,31063.28,south,standard,0
23,115878.4,north,basic,1
23,130499.37,east,premium,0
21,109751.18,west,premium,0
26,21154.49,north,premium,1
70,31369.74,south,standard,0
69,129757.03,south,premium,0
32,25992.98,east,premium,0
28,57508.36,east,standard,0
50,135647.99,west,basic,1
57,79732.85,east,standard,0
29,67222.79,east,premium,0
42,38586.53,east,basic,1
21,95630.88,east,standard,1
55,102024.9,north,standard,0
58,122505.13,east,standard,0
41,88437.98,east,standard,0
46,46065.77,north,standard,0
34,55828.84,east,premium,0
20,45039.78,east,premium,0
44,80546.71,north,basic,1
57,97679.23,north,basic,0
40,55056.13,east,premium,0
55,54740.91,south,basic,1
71,75938.02,south,basic,1
33,104311.66,west,basic,0
27,124296.84,east,standard,1
18,24847.93,east,premium,1
46,91429.54,west,basic,0
18,23368.24,north,standard,1
28,25122.26,north,basic,1
60,132792.31,south,standard,0
56,96408.63,west,premium,0
37,25779.6,north,premium,0
63,83685.57,west,standard,0
47,27818.38,west,basic,1
24,49894.06,north,basic,1
65,130871.74,east,premium,0
58,85562.11,west,premium,0
51,136570.79,east,premium,0
75,44473.45,north,basic,1
33,120690.19,south,basic,1
38,41416.31,west,standard,0
42,128723.34,west,standard,0
62,18778.57,north,standard,1
32,87581.54,east,basic,1
55,27491.89,south,basic,0
25,31014.76,south,standard,1
62,21505.38,north,basic,1
58,23202.85,north,premium,0
72,90037.68,east,basic,1
70,83135.09,north,premium,0
24,48082.44,south,basic,1
72,129155.58,north,premium,0
48,30185.01,north,premium,0
38,59054.93,east,basic,1
36,23905.78,east,standard,1
56,79455.95,east,premium,0
68,68376.35,west,premium,0
40,75210.88,north,premium,0
63,123193.2,north,premium,0
28,71199.01,south,standard,1
21,18532.12,west,basic,1
68,118691.47,west,premium,0
